{"_wandb": {"runtime": 2}, "train/episode": 1, "_timestamp": 1700335605.238912, "train/step": 0, "train/env_step": 0, "train/total_time": 0.16776776313781738, "train/episode_reward": 118.73654138487555, "_runtime": 1.325336217880249, "_step": 0}