{"train/episode": 11, "_timestamp": 1700335793.837658, "train/step": 1250, "train/env_step": 10000, "train/total_time": 11.63188624382019, "train/episode_reward": 155.82172880164967, "eval_video": {"_type": "video-file", "sha256": "6601fe4490033ae7bfec1f9603e346053139c82c942ed03e98ae8d1e26da3486", "size": 54818, "path": "media/videos/eval_video_0_6601fe4490033ae7bfec.mp4", "width": 384, "height": 384}, "eval/episode": 1, "eval/step": 0, "eval/env_step": 0, "eval/total_time": 0.17091727256774902, "eval/episode_reward": 127.96674486101203, "_runtime": 12.557418823242188, "_step": 10000, "_wandb": {"runtime": 12}}