{"train/episode": 101, "_timestamp": 1700337990.6146185, "train/step": 12500, "train/env_step": 100000, "train/total_time": 356.42487621307373, "train/episode_reward": 809.9239654041351, "eval_video": {"_type": "video-file", "sha256": "7bd864df1ce4fc14ffb95f7a16116406770172d31ca70f85fdc347a85d3cccc4", "size": 42596, "path": "media/videos/eval_video_100000_7bd864df1ce4fc14ffb9.mp4", "width": 384, "height": 384}, "eval/episode": 101, "eval/step": 12500, "eval/env_step": 100000, "eval/total_time": 356.42487621307373, "eval/episode_reward": 856.2045262381077, "_runtime": 370.2689354419708, "_step": 100000, "train/consistency_loss": 0.043378300964832306, "train/reward_loss": 0.013765295967459679, "train/value_loss": 12.293761253356934, "train/pi_loss": -534.1842651367188, "train/total_loss": 1.3230154514312744, "train/weighted_loss": 0.7318054437637329, "train/grad_norm": 5.474225044250488, "_wandb": {"runtime": 370}}